Type,Name,Request Count,Failure Count,Median Response Time,Average Response Time,Min Response Time,Max Response Time,Average Content Size,Requests/s,Failures/s,50%,66%,75%,80%,90%,95%,98%,99%,99.9%,99.99%,100%
POST,/api/annotate,60,6,30000,25712.12431945023,2971.446582931094,30375.94520894345,63743.4,0.33458545296382,0.033458545296381995,30000,30000,30000,30000,30000,30000,30000,30000,30000,30000,30000
POST,/api/predict,128,12,30000,24842.161582364497,1812.0187079766765,30234.116541105323,435.34375,0.7137822996561493,0.06691709059276399,30000,30000,30000,30000,30000,30000,30000,30000,30000,30000,30000
,Aggregated,188,18,30000,25119.809264413136,1812.0187079766765,30375.94520894345,20640.042553191488,1.0483677526199693,0.100375635889146,30000,30000,30000,30000,30000,30000,30000,30000,30000,30000,30000
