Type,Name,Request Count,Failure Count,Median Response Time,Average Response Time,Min Response Time,Max Response Time,Average Content Size,Requests/s,Failures/s,50%,66%,75%,80%,90%,95%,98%,99%,99.9%,99.99%,100%
POST,/api/annotate,120,36,21000,20758.181511461346,1490.3674999950454,30785.487540997565,49578.2,0.6679701509905779,0.2003910452971734,22000,26000,30000,30000,30000,30000,30000,30000,31000,31000,31000
POST,/api/predict,263,80,22000,20483.11033535894,1313.4703749092296,30749.188625020906,334.22813688212926,1.46396791425435,0.4453134339937186,22000,27000,30000,30000,30000,30000,30000,30000,31000,31000,31000
,Aggregated,383,116,22000,20569.294515861,1313.4703749092296,30785.487540997565,15763.148825065275,2.131938065244928,0.645704479290892,22000,26000,30000,30000,30000,30000,30000,30000,31000,31000,31000
