Type,Name,Request Count,Failure Count,Median Response Time,Average Response Time,Min Response Time,Max Response Time,Average Content Size,Requests/s,Failures/s,50%,66%,75%,80%,90%,95%,98%,99%,99.9%,99.99%,100%
POST,/api/annotate,177,65,24000,21944.33469393509,1891.1536249797791,30795.40379100945,211867.29943502825,0.9865316086447902,0.3622856189938495,24000,30000,30000,30000,30000,30000,30000,31000,31000,31000,31000
POST,/api/predict,311,96,23000,21346.62100749833,1589.6102089900523,31224.44345895201,328.91639871382637,1.73339734626288,0.5350679911293778,23000,29000,30000,30000,30000,30000,30000,31000,31000,31000,31000
,Aggregated,488,161,23000,21563.414701144447,1589.6102089900523,31224.44345895201,77054.92827868853,2.71992895490767,0.8973536101232272,23000,30000,30000,30000,30000,30000,30000,31000,31000,31000,31000
